PhraseId,SentenceId,Phrase,Sentiment
144934,7871,"An unremittingly ugly movie to look at , listen to , and think about , it is quite possibly the sturdiest example yet of why the DV revolution has cheapened the artistry of making a film .",0
137519,7440,Makes 98 minutes feel like three hours .,0
70201,3575,"-LRB- N -RRB- o matter how much good will the actors generate , Showtime eventually folds under its own thinness .",0
19954,885,"An erotic thriller that 's neither too erotic nor very thrilling , either .",0
101128,5315,"Bray is completely at sea ; with nothing but a Savage Garden music video on his resume , he has no clue about making a movie .",0
130295,7019,Whether Jason X is this bad on purpose is never clear .,0
33293,1560,So bland and utterly forgettable that it might as well have been titled Generic Jennifer Lopez Romantic Comedy .,0
80003,4122,The pacing is often way off and there are too many bona fide groaners among too few laughs .,0
121483,6508,"Feels at times like a giant commercial for Universal Studios , where much of the action takes place .",0
85028,4398,"I found it slow , predictable and not very amusing .",0
79349,4087,I ca n't recommend it .,0
60524,3056,"A summary of the plot does n't quite do justice to the awfulness of the movie , for that comes through all too painfully in the execution .",0
150608,8209,"Even on its own ludicrous terms , The Sum of All Fears generates little narrative momentum , and invites unflattering comparisons to other installments in the Ryan series .",0
153024,8356,"Confuses its message with an ultimate desire to please , and contorting itself into an idea of expectation is the last thing any of these three actresses , nor their characters , deserve .",0
153888,8407,Terminally brain dead production .,0
117252,6256,This thing works on no level whatsoever for me .,0
102677,5409,- spy action flick with Antonio Banderas and Lucy Liu never comes together .,0
89515,4655,"Hey everybody , wanna watch a movie in which a guy dressed as a children 's party clown gets violently gang-raped ?",0
50049,2457,Most of the dialogue made me want to pack raw dough in my ears .,0
94607,4939,"There is no psychology here , and no real narrative logic -- just a series of carefully choreographed atrocities , which become strangely impersonal and abstract .",0
96082,5019,A major waste ... generic .,0
151053,8234,"A frustrating ` tweener ' -- too slick , contrived and exploitative for the art houses and too cynical , small and decadent for the malls .",0
58801,2965,"Despite terrific special effects and funnier gags , Harry Potter and the Chamber of Secrets finds a way to make J.K. Rowling 's marvelous series into a deadly bore .",0
89234,4638,You 'll cry for your money back .,0
123664,6641,Nothing about the film -- with the possible exception of Elizabeth Hurley 's breasts -- is authentic .,0
73216,3739,"As it is , it 's too long and unfocused .",0
59782,3015,Sade achieves the near-impossible : It turns the Marquis de Sade into a dullard .,0
124694,6701,"Without Shakespeare 's eloquent language , the update is dreary and sluggish .",0
8745,365,"The movie resolutely avoids all the comic possibilities of its situation , and becomes one more dumb high school comedy about sex gags and prom dates .",0
78181,4023,"It 's clotted with heavy-handed symbolism , dime-store psychology and endless scenic shots that make 105 minutes seem twice as long .",0
80614,4151,The 50-something lovebirds are too immature and unappealing to care about .,0
146210,7951,"Rifkin no doubt fancies himself something of a Hubert Selby Jr. , but there is n't an ounce of honest poetry in his entire script ; it 's simply crude and unrelentingly exploitative .",0
104540,5518,Crummy .,0
119981,6417,The story is bogus and its characters tissue-thin .,0
114625,6099,"A gratingly unfunny groaner littered with zero-dimensional , unlikable characters and hackneyed , threadbare comic setups .",0
88386,4593,About the only thing to give the movie points for is bravado -- to take an entirely stale concept and push it through the audience 's meat grinder one more time .,0
80117,4128,"The result , however well-intentioned , is ironically just the sort of disposable , kitchen-sink homage that illustrates why the whole is so often less than the sum of its parts in today 's Hollywood .",0
25015,1141,"The documentary is much too conventional -- lots of boring talking heads , etc. -- to do the subject matter justice .",0
110308,5842,That chirpy songbird Britney Spears has popped up with more mindless drivel .,0
35542,1674,"The movie 's plot is almost entirely witless and inane , carrying every gag two or three times beyond its limit to sustain a laugh .",0
145745,7922,"In the end , there is n't much to it .",0
143667,7797,"Soulless and -- even more damning -- virtually joyless , XXX achieves near virtuosity in its crapulence .",0
39691,1895,"Cold , Sterile And Lacking Any Color Or Warmth .",0
142933,7759,The whole mess boils down to a transparently hypocritical work that feels as though it 's trying to set the women 's liberation movement back 20 years . ',0
149978,8168,"After you laugh once -LRB- maybe twice -RRB- , you will have completely forgotten the movie by the time you get back to your car in the parking lot .",0
78646,4048,"... feels as if -LRB- there 's -RRB- a choke leash around your neck so director Nick Cassavetes can give it a good , hard yank whenever he wants you to feel something .",0
87352,4531,Lacks the inspiration of the original and has a bloated plot that stretches the running time about 10 minutes past a child 's interest and an adult 's patience .,0
71207,3634,Most of the storylines feel like time fillers between surf shots .,0
81573,4207,"Despite bearing the Paramount imprint , it 's a bargain-basement European pickup .",0
93849,4896,It is n't that Stealing Harvard is a horrible movie -- if only it were that grand a failure !,0
109815,5818,"Many went to see the attraction for the sole reason that it was hot outside and there was air conditioning inside , and I do n't think that A.C. will help this movie one bit .",0
149097,8113,It aimlessly and unsuccessfully attempts to fuse at least three dull plots into one good one .,0
22837,1034,Highly uneven and inconsistent ... Margarita Happy Hour kinda resembles the el cheapo margaritas served within .,0
144111,7822,Glazed with a tawdry B-movie scum .,0
155428,8508,"As exciting as all this exoticism might sound to the typical Pax viewer , the rest of us will be lulled into a coma .",0
111638,5925,You 'll just have your head in your hands wondering why Lee 's character did n't just go to a bank manager and save everyone the misery .,0
65580,3323,"a huge disappointment coming , as it does , from filmmakers and performers of this calibre",0
82179,4241,"Bread , My Sweet has so many flaws it would be easy for critics to shred it .",0
35337,1662,"It is supremely unfunny and unentertaining to watch middle-age and older men drink to excess , piss on trees , b.s. one another and put on a show in drag .",0
110394,5848,You 'll trudge out of the theater feeling as though you rode the Zipper after eating a corn dog and an extra-large cotton candy .,0
5877,235,"Thoughtless , random , superficial humour and a lot of very bad Scouse accents",0
146243,7952,"A chilly , remote , emotionally distant piece ... so dull that its tagline should be : ` In space , no one can hear you snore . '",0
40790,1955,... about as exciting to watch as two last-place basketball teams playing one another on the final day of the season .,0
22308,1004,"None of this is very original , and it is n't particularly funny .",0
60376,3049,Viewers will need all the luck they can muster just figuring out who 's who in this pretentious mess .,0
117469,6269,It 's kind of sad that so many people put so much time and energy into this turkey .,1
88641,4606,"This odd , distant Portuguese import more or less borrows from Bad Lieutenant and Les Vampires , and comes up with a kind of art-house gay porn film .",1
44351,2150,"A non-Britney person might survive a screening with little harm done , except maybe for the last 15 minutes , which are as maudlin as any after-school special you can imagine .",1
39515,1887,"The trouble with making this queen a thoroughly modern maiden is that it also makes her appear foolish and shallow rather than , as was more likely , a victim of mental illness .",1
8894,371,Translation : ` We do n't need to try very hard . ',1
27776,1276,"All the more disquieting for its relatively gore-free allusions to the serial murders , but it falls down in its attempts to humanize its subject .",1
17137,744,"Van Wilder has a built-in audience , but only among those who are drying out from spring break and are still unconcerned about what they ingest .",1
150364,8191,May offend viewers not amused by the sick sense of humor .,1
68785,3494,"Although God Is Great addresses interesting matters of identity and heritage , it 's hard to shake the feeling that it was intended to be a different kind of film .",1
145275,7894,Too bad Kramer could n't make a guest appearance to liven things up .,1
93260,4863,This is n't a new idea .,1
11496,496,"Even in the summertime , the most restless young audience deserves the dignity of an action hero motivated by something more than franchise possibilities .",1
115779,6170,"Jacobi , the most fluent of actors , is given relatively dry material from Nijinsky 's writings to perform , and the visuals , even erotically frank ones , become dullingly repetitive .",1
43503,2103,"A pale Xerox of other , better crime movies .",1
77910,4008,"Too much power , not enough puff .",1
150311,8187,"What Jackson has done is proven that no amount of imagination , no creature , no fantasy story and no incredibly outlandish scenery",1
97073,5075,"A boring masquerade ball where normally good actors , even Kingsley , are made to look bad .",1
28920,1340,Becomes the last thing you would expect from a film with this title or indeed from any Plympton film : boring .,1
149274,8123,"Too much of the movie feels contrived , as if the filmmakers were worried the story would n't work without all those gimmicks .",1
122361,6559,Collapses under its own meager weight .,1
62760,3174,"entertaining enough , but nothing new",1
47845,2332,"The whole thing 's fairly lame , making it par for the course for Disney sequels .",1
54127,2689,"I never thought I 'd say this , but I 'd much rather watch teens poking their genitals into fruit pies !",1
56081,2806,Odd and weird .,1
23749,1080,"The direction occasionally rises to the level of marginal competence , but for most of the film it is hard to tell who is chasing who or why .",1
60588,3059,... the story simply putters along looking for astute observations and coming up blank .,1
141734,7689,Witless and utterly pointless .,1
71807,3664,"Seemingly disgusted with the lazy material and the finished product 's unshapely look , director Fisher Stevens inexplicably dips key moments from the film in Waking Life water colors .",1
111484,5915,It 's hard to pity the ` plain ' girl who becomes a ravishing waif after applying a smear of lip-gloss .,1
99735,5233,The darker elements of misogyny and unprovoked violence suffocate the illumination created by the two daughters and the sparse instances of humor meant to shine through the gloomy film noir veil .,1
90774,4724,"Morrissette has performed a difficult task indeed - he 's taken one of the world 's most fascinating stories and made it dull , lifeless , and irritating .",1
36243,1713,The jokes are telegraphed so far in advance they must have been lost in the mail .,1
51252,2523,"The weird thing about The Santa Clause 2 , purportedly a children 's movie , is that there is nothing in it to engage children emotionally .",1
17109,743,"With all the sympathy , empathy and pity fogging up the screen ... His Secret Life enters the land of unintentional melodrama and tiresome love triangles .",1
151670,8275,"I 've seen some bad singer-turned actors , but Lil Bow Wow takes the cake .",1
68176,3461,The fact that it is n't very good is almost beside the point .,1
56779,2854,"The most opaque , self-indulgent and just plain goofy an excuse for a movie as you can imagine .",1
41117,1971,One suspects that Craven endorses They simply because this movie makes his own look much better by comparison .,1
101598,5347,"A distinctly mixed bag , the occasional bursts of sharp writing alternating with lots of sloppiness and the obligatory moments of sentimental ooze .",1
118982,6360,"Releasing a film with the word ` dog ' in its title in January lends itself to easy jokes and insults , and Snow Dogs deserves every single one of them .",1
140181,7607,-LRB- Seems -RRB- even more uselessly redundant and shamelessly money-grubbing than most third-rate horror sequels .,1
57277,2886,Cattaneo reworks the formula that made The Full Monty a smashing success ... but neglects to add the magic that made it all work .,1
143780,7803,"Just a string of stale gags , with no good inside dope , and no particular bite .",1
45568,2215,"What with all the blanket statements and dime-store ruminations on vanity , the worries of the rich and sudden wisdom , the film becomes a sermon for most of its running time .",1
9843,411,A movie like The Guys is why film criticism can be considered work .,1
127500,6859,"Pretty much sucks , but has a funny moment or two .",1
20520,917,"Sorvino makes the princess seem smug and cartoonish , and the film only really comes alive when poor Hermocrates and Leontine pathetically compare notes about their budding amours .",1
76239,3912,Queen of the Damned is too long with too little going on .,1
65710,3331,An average B-movie with no aspirations to be anything more .,1
80365,4141,I ca n't say this enough : This movie is about an adult male dressed in pink jammies .,1
25006,1140,And that is where Ararat went astray .,1
41069,1969,"Unless you 're a fanatic , the best advice is : ` Scooby ' do n't .",1
12248,524,Goes on and on to the point of nausea .,1
10360,436,The rollerball sequences feel sanitised and stagey .,1
128788,6927,"It 's a strange film , one that was hard for me to warm up to .",1
132348,7137,"Wimps out by going for that PG-13 rating , so the more graphic violence is mostly off-screen and the sexuality is muted .",1
141220,7660,"Lucy 's a dull girl , that 's all .",1
41345,1986,"Steve Oedekerk is , alas , no Woody Allen .",1
153063,8358,... its solemn pretension prevents us from sharing the awe in which it holds itself .,1
101734,5356,"A worthy idea , but the uninspired scripts , acting and direction never rise above the level of an after-school TV special .",1
152383,8315,"And second , what 's with all the shooting ?",1
112163,5956,"Barely manages for but a few seconds over its seemingly eternal running time to pique your interest , your imagination , your empathy or anything , really , save your disgust and your indifference .",1
75315,3864,"Despite engaging offbeat touches , Knockaround Guys rarely seems interested in kicking around a raison d'etre that 's as fresh-faced as its young-guns cast .",1
128160,6896,"A fragile framework upon which to hang broad , mildly fleshed-out characters that seem to have been conjured up only 10 minutes prior to filming .",1
97969,5132,"... expands the horizons of boredom to the point of collapse , turning into a black hole of dullness , from which no interesting concept can escape .",1
119337,6380,"By the time the surprise ending is revealed , interest can not be revived .",1
71397,3642,The film runs on a little longer than it needs to -- Muccino either does n't notice when his story ends or just ca n't tear himself away from the characters -- but it 's smooth and professional .,1
66513,3376,"Klein , charming in comedies like American Pie and dead-on in Election , delivers one of the saddest action hero performances ever witnessed .",1
37149,1762,"... the good and different idea -LRB- of middle-aged romance -RRB- is not handled well and , except for the fine star performances , there is little else to recommend `` Never Again . ''",1
121669,6520,"The criticism never rises above easy , cynical potshots at morally bankrupt characters ...",1
46711,2273,-- is a crime that should be punishable by chainsaw .,1
39416,1883,"Throwing in everything except someone pulling the pin from a grenade with his teeth , Windtalkers seems to have ransacked every old World War II movie for overly familiar material .",1
129777,6985,"Unfortunately , Carvey 's rubber-face routine is no match for the insipid script he has crafted with Harris Goldberg .",1
141070,7652,Disappointing in comparison to other recent war movies ... or any other John Woo flick for that matter .,1
33682,1582,"Apparently designed as a reverie about memory and regret , but the only thing you 'll regret is remembering the experience of sitting through it .",1
46165,2247,... The movie feels stitched together from stock situations and characters from other movies .,1
53509,2653,"Despite its visual virtuosity , ` Naqoyqatsi ' is banal in its message and the choice of material to convey it .",1
150435,8196,A cautionary tale about the folly of superficiality that is itself endlessly superficial .,1
39362,1880,Brosnan 's finest non-Bondish performance yet fails to overcome the film 's manipulative sentimentality and annoying stereotypes .,1
9708,404,"Despite slick production values and director Roger Michell 's tick-tock pacing , the final effect is like having two guys yelling in your face for two hours .",1
2013,77,The major problem with Windtalkers is that the bulk of the movie centers on the wrong character .,1
96203,5026,It 's so downbeat and nearly humorless that it becomes a chore to sit through -- despite some first-rate performances by its lead .,1
55590,2776,Taken outside the context of the current political climate -LRB- see : terrorists are more evil than ever ! -RRB-,1
12608,542,The movie is too amateurishly square to make the most of its own ironic implications .,1
56488,2837,"Formulaic to the 51st power , more like .",1
134148,7240,Resembles a soft porn Brian De Palma pastiche .,1
104116,5490,"Skip this dreck , rent Animal House and go back to the source .",1
72383,3700,Can I admit XXX is as deep as a Petri dish and as well-characterized as a telephone book but still say it was a guilty pleasure ?,1
1918,71,"But it has an ambition to say something about its subjects , but not a willingness .",1
56484,2836,Tends to plod .,1
22255,1000,Action - mechanical .,1
119174,6370,"While this one gets off with a good natured warning , future Lizard endeavors will need to adhere more closely to the laws of laughter",1
63069,3191,"Carrying this wafer-thin movie on his nimble shoulders , Chan wades through putrid writing , direction and timing with a smile that says , ` If I stay positive , maybe I can channel one of my greatest pictures , Drunken Master . '",1
7555,307,A well-intentioned effort that 's still too burdened by the actor 's offbeat sensibilities for the earnest emotional core to emerge with any degree of accessibility .,1
22939,1038,"Queen of the Damned as you might have guessed , makes sorry use of Aaliyah in her one and only starring role -- she does little here but point at things that explode into flame .",1
60126,3033,"While easier to sit through than most of Jaglom 's self-conscious and gratingly irritating films , it 's still tainted by cliches , painful improbability and murky points .",1
110132,5832,I have n't seen such self-amused trash since Freddy Got Fingered .,1
32882,1540,"An ugly , revolting movie .",1
4719,180,An awkwardly contrived exercise in magic realism .,1
122573,6575,What 's really sad is to see two Academy Award winning actresses -LRB- and one Academy Award winning actor -RRB- succumb to appearing in this junk that 's TV sitcom material at best .,1
41485,1996,"Offers big , fat , dumb laughs that may make you hate yourself for giving in .",1
138563,7505,This film biggest problem ?,1
26874,1233,It is n't scary .,1
74321,3808,The film is way too full of itself ; it 's stuffy and pretentious in a give-me-an-Oscar kind of way .,1
32661,1531,At once overly old-fashioned in its sudsy plotting and heavy-handed in its effort to modernize it with encomia to diversity and tolerance .,1
19555,859,An unintentionally surreal kid 's picture ... in which actors in bad bear suits enact a sort of inter-species parody of a VH1 Behind the Music episode .,1
118898,6353,Imagine Susan Sontag falling in love with Howard Stern .,1
109301,5789,"Unfortunately , a cast of competent performers from movies , television and the theater are cast adrift in various New York City locations with no unifying rhythm or visual style .",1
37864,1801,"Never decides whether it wants to be a black comedy , drama , melodrama or some combination of the three .",1
97532,5100,Video games are more involving than this mess .,1
88833,4615,"It stars schticky Chris Rock and stolid Anthony Hopkins , who seem barely in the same movie .",1
142480,7734,A seriously bad film with seriously warped logic by writer-director Kurt Wimmer at the screenplay level .,1
128754,6925,"Every joke is repeated at least -- annoying , is n't it ?",1
147898,8048,Hip-hop prison thriller of stupefying absurdity .,1
77546,3989,Family togetherness takes a back seat to inter-family rivalry and workplace ambition ... whole subplots have no explanation or even plot relevance .,1
126329,6791,The dialogue is very choppy and monosyllabic despite the fact that it is being dubbed .,1
49460,2421,Why would anyone cast the magnificent Jackie Chan in a movie full of stunt doubles and special effects ?,1
6221,247,Feral and uncomfortable .,1
11621,502,"The film has the thrown-together feel of a summer-camp talent show : hastily written , underrehearsed , arbitrarily plotted and filled with crude humor and vulgar innuendo .",1
39361,1879,Why ?,1
7071,285,"Is n't as sharp as the original ... Despite some visual virtues , ` Blade II ' just does n't cut it .",1
70765,3608,"Scherfig , who has had a successful career in TV , tackles more than she can handle .",1
127563,6862,"What Madonna does here ca n't properly be called acting -- more accurately , it 's moving and it 's talking and it 's occasionally gesturing , sometimes all at once .",1
122488,6570,"That neither protagonist has a distinguishable condition hardly matters because both are just actory concoctions , defined by childlike dimness and a handful of quirks .",1
132314,7134,"It 's mildly sentimental , unabashedly consumerist ... studiously inoffensive and completely disposable .",1
123062,6605,An opportunity missed .,1
77961,4012,These are textbook lives of quiet desperation .,1
136136,7357,I spied with my little eye ... a mediocre collection of cookie-cutter action scenes and occasionally inspired dialogue bits,1
89888,4678,The movie is about as deep as that sentiment .,1
155646,8519,With its parade of almost perpetually wasted characters ... Margarita feels like a hazy high that takes too long to shake .,1
27039,1243,Boasts eye-catching art direction but has a forcefully quirky tone that quickly wears out its limited welcome .,1
83495,4315,Though its atmosphere is intriguing ... the drama is finally too predictable to leave much of an impression .,2
33191,1556,A technically well-made suspenser ... but its abrupt drop in IQ points as it races to the finish line proves simply too discouraging to let slide .,2
89332,4644,"Even though it is infused with the sensibility of a video director , it does n't make for completely empty entertainment",2
34234,1609,"Watching Harris ham it up while physically and emotionally disintegrating over the course of the movie has a certain poignancy in light of his recent death , but Boyd 's film offers little else of consequence .",2
112337,5966,"Almost nothing else -- raunchy and graphic as it may be in presentation -- is one-sided , outwardly sexist or mean-spirited .",2
118109,6309,The best drug addition movies are usually depressing but rewarding .,2
26343,1207,Absurdities and,2
154612,8454,"The film did n't move me one way or the other , but it was an honest effort and if you want to see a flick about telemarketers this one will due .",2
124579,6694,So verbally flatfooted and so emotionally predictable or bland that it plays like the standard made-for-TV movie .,2
104912,5542,Some stunning visuals -- and some staggeringly boring cinema .,2
46429,2258,"There 's a neat twist , subtly rendered , that could have wrapped things up at 80 minutes , but Kang tacks on three or four more endings .",2
29681,1375,Does little to elaborate the conceit of setting this blood-soaked tragedy of murderous ambition in the era of Richard Nixon .,2
40445,1934,"In -LRB- screenwriter -RRB- Charlie Kaufman 's world , truth and fiction are equally strange , and his for the taking .",2
122068,6543,"A violent initiation rite for the audience , as much as it is for Angelique , the -LRB- opening -RRB- dance guarantees Karmen 's enthronement among the cinema 's memorable women .",2
71946,3674,Please see previous answer .,2
29898,1386,The simplicity of The Way Home has few equals this side of Aesop,2
100088,5252,"Yet another movie which presumes that high school social groups are at war , let alone conscious of each other 's existence .",2
131639,7095,"In both the writing and cutting , it does not achieve the kind of dramatic unity that transports you .",2
78204,4024,"The characters are interesting and the relationship between Yosuke and Saeko is worth watching as it develops , but there 's not enough to the story to fill two hours .",2
34154,1605,` Snow Dogs ' has both .,2
149207,8119,As happily glib and vicious as its characters .,2
69528,3534,Helps to remind the First World that HIV\/AIDS is far from being yesterday 's news .,2
135144,7295,"It is n't that the picture is unfamiliar , but that it manages to find new avenues of discourse on old problems .",2
38933,1857,Those unfamiliar with Mormon traditions may find The Singles Ward occasionally bewildering .,2
56885,2862,A lot of its gags and observations reflect a woman 's point-of-view .,2
78335,4031,This film was made by and for those folks who collect the serial killer cards and are fascinated by the mere suggestion of serial killers .,2
149175,8117,This is amusing for about three minutes .,2
125472,6741,The name says it all .,2
104309,5503,"For all the complications , it 's all surprisingly predictable .",2
59757,3013,"Sean Penn , you owe Nicolas Cage an apology .",2
155246,8498,The culmination of everyone 's efforts is given life when A Selection appears in its final form -LRB- in `` Last Dance '' -RRB- .,2
31432,1471,A tasty slice of droll whimsy .,2
54536,2711,"Leading a double life in an American film only comes to no good , but not here .",2
40873,1958,Famuyiwa 's feature,2
43121,2083,It bites hard .,2
27410,1259,"About a Boy vividly recalls the Cary Grant of Room for One More , Houseboat and Father Goose in its affectionate depiction of the gentle war between a reluctant , irresponsible man and the kid who latches onto him .",2
131101,7065,And I expect much more from a talent as outstanding as director Bruce McCulloch .,2
125367,6737,"This engrossing , characteristically complex Tom Clancy thriller is shifty in the manner in which it addresses current terrorism anxieties and sidesteps them at the same time .",2
113695,6043,"I admit it , I hate to like it .",2
54925,2735,Really dumb but occasionally really funny .,2
94002,4905,"It 's a brilliant , honest performance by Nicholson , but the film is an agonizing bore except when the fantastic Kathy Bates turns up .",2
122860,6591,"Freundlich 's made -LRB- Crudup -RRB- a suburban architect , and a cipher .",2
35647,1679,"Spider-Man is in the same category as X-Men - occasionally brilliant but mostly average , showing signs of potential for the sequels , but not giving us much this time around .",2
108959,5768,"The farcical elements seemed too pat and familiar to hold my interest , yet its diverting grim message is a good one .",2
118675,6343,"It 's harmless , diverting fluff .",2
51849,2558,A preposterously melodramatic paean to gang-member teens in Brooklyn circa 1958 .,2
155837,8531,"Even if you have no interest in the gang-infested , East-vs .",2
136246,7366,"Both flawed and delayed , Martin Scorcese 's Gangs of New York still emerges as his most vital work since GoodFellas .",2
73488,3756,"Silly , loud and goofy .",2
92766,4832,"Instead , he focuses on the anguish that can develop when one mulls leaving the familiar to traverse uncharted ground .",2
127606,6864,"A different kind of love story - one that is dark , disturbing , painful to watch , yet compelling .",2
88255,4584,"It 's better than mid-range Steven Seagal , but not as sharp as Jet Li on rollerblades .",2
11118,477,A puzzling experience .,2
92079,4793,"It has the right approach and the right opening premise , but it lacks the zest and it goes for a plot twist instead of trusting the material .",2
92692,4829,It 's clear that Mehta simply wanted to update her beloved genre for the thousands of Indians who fancy themselves too sophisticated for the cheese-laced spectacles that pack 'em in on the subcontinent .,2
28774,1334,Trades run-of-the-mill revulsion for extreme unease .,2
130853,7051,"Alas , the black-and-white archival footage of their act showcases pretty mediocre shtick .",2
149677,8148,The film 's only missteps come from the script 's insistence on providing deep emotional motivation for each and every one of Abagnale 's antics .,2
119845,6411,It 's an often-cute film but either needs more substance to fill the time or some judicious editing .,2
47310,2306,in period costume and with a bigger budget .,2
117848,6293,Neither a rousing success nor a blinding embarrassment .,2
94028,4906,cynical and serious look at teenage boys doing what they do best - being teenagers .,2
133535,7205,"The cameo-packed , M : I-2-spoofing title sequence is the funniest 5 minutes to date in this spy comedy franchise ... Then Mike Myers shows up and ruins everything .",2
90416,4706,An overwrought Taiwanese soaper about three people and their mixed-up relationship .,2
149065,8110,Visually sumptuous but intellectually stultifying .,2
147698,8037,A flawed film but an admirable one that tries to immerse us in a world of artistic abandon and political madness and very nearly succeeds .,2
70297,3580,Eckstraordinarily lame and Severely boring .,2
76245,3913,A charming and funny story of clashing cultures and a clashing mother\/daughter relationship .,2
104095,5489,"Kurys never shows why , of all the period 's volatile romantic lives , Sand and Musset are worth particular attention .",2
20283,903,Almost .,2
5267,209,"... only Bond can save us from the latest eccentric , super-wealthy megalomaniac bent on world domination and destruction .",2
96829,5059,Cynics need not apply . ',2
98521,5165,"Maid in Manhattan might not look so appealing on third or fourth viewing down the road ... But as a high concept vehicle for two bright stars of the moment who can rise to fans ' lofty expectations , the movie passes inspection .",2
127865,6878,Feeling like a dope has rarely been more fun than it is in Nine Queens .,2
10276,432,Paul Bettany playing Malcolm McDowell ?,2
131256,7074,A family-friendly fantasy that ends up doing very little with its imaginative premise .,2
128763,6926,"Made-Up lampoons the moviemaking process itself , while shining a not particularly flattering spotlight on America 's skin-deep notions of pulchritude .",2
101571,5343,The camera whirls !,2
147847,8045,The dark and bittersweet twist feels strange as things turn nasty and tragic during the final third of the film .,2
110526,5857,Barrels along at the start before becoming mired in sentimentality .,2
126370,6794,Then Nadia 's birthday might not have been such a bad day after all .,2
85583,4426,The obligatory break-ups and hook-ups do n't seem to have much emotional impact on the characters .,2
65454,3316,It 's obvious -LRB- Je-Gyu is -RRB- trying for poetry ; what he gets instead has all the lyricism of a limerick scrawled in a public restroom .,2
152451,8319,There 's no clear picture of who killed Bob Crane .,2
99950,5245,"It 's not particularly subtle ... However , it still manages to build to a terrifying , if obvious , conclusion .",2
92261,4802,than ` Magnifique ' .,2
129827,6989,"The movie 's messages are quite admirable , but",2
63977,3237,"It may sound like a mere disease-of - the-week TV movie , but A Song For Martin is made infinitely more wrenching by the performances of real-life spouses Seldahl and Wollter .",2
62620,3168,If Sinise 's character had a brain his ordeal would be over in five minutes but instead the plot goes out of its way to introduce obstacles for him to stumble over .,2
113988,6060,"Few of the increasingly far-fetched events that first-time writer-director Neil Burger follows up with are terribly convincing , which is a pity , considering Barry 's terrific performance .",2
90635,4718,"the Venezuelans say things like `` si , pretty much '' and `` por favor , go home '' when talking to Americans .",2
114018,6062,How I Killed My Father is one of those art house films that makes you feel like you 're watching an iceberg melt -- only it never melts .,2
56655,2847,... the picture 's cleverness is ironically muted by the very people who are intended to make it shine .,2
82728,4273,"The movie has generic virtues , and despite a lot of involved talent , seems done by the numbers .",2
53992,2682,A crisply made movie that is no more than mildly amusing .,2
75515,3872,But it does n't need Gangs of New York .,2
10853,461,"In some ways , Lagaan is quintessential Bollywood .",2
73300,3744,"It ca n't escape its past , and it does n't want to .",2
93942,4902,"As the princess , Sorvino glides gracefully from male persona to female without missing a beat .",3
81391,4195,Strangely comes off as a kingdom more mild than wild .,3
147943,8052,"By and large this is Mr. Kilmer 's movie , and it 's his strongest performance since The Doors .",3
134986,7286,"For decades we 've marveled at Disney 's rendering of water , snow , flames and shadows in a hand-drawn animated world .",3
149902,8163,"By turns pretentious , fascinating , ludicrous , provocative and vainglorious .",3
77400,3982,"The story line may be 127 years old , but El Crimen del Padre Amaro ... could n't be more timely in its despairing vision of corruption within the Catholic establishment .",3
85509,4422,"Angel presents events partly from the perspective of Aurelie and Christelle , and infuses the film with the sensibility of a particularly nightmarish fairytale .",3
107781,5698,Drumline ably captures the complicated relationships in a marching band .,3
139455,7563,This story still seems timely and important .,3
56597,2843,"Originality ai n't on the menu , but there 's never a dull moment in the giant spider invasion comic chiller .",3
95422,4984,A film that will enthrall the whole family .,3
133482,7202,"Buy is an accomplished actress , and this is a big , juicy role .",3
53173,2638,"It 's an ambitious film , and as with all ambitious films , it has some problems .",3
2218,84,"Inventive , fun , intoxicatingly sexy , violent , self-indulgent and maddening .",3
103827,5474,"The filmmakers know how to please the eye , but it is not always the prettiest pictures that tell the best story .",3
2394,92,"... it 's as comprehensible as any Dummies guide , something even non-techies can enjoy .",3
149372,8128,Best enjoyed as a work of fiction inspired by real-life events .,3
27024,1242,"A touching , small-scale story of family responsibility and care in the community .",3
14939,642,"Enough may pander to our basest desires for payback , but unlike many revenge fantasies , it ultimately delivers .",3
15980,686,"It takes you somewhere you 're not likely to have seen before , but beneath the exotic surface -LRB- and exotic dancing -RRB- it 's surprisingly old-fashioned .",3
127852,6877,"Even when it drags , we are forced to reflect that its visual imagination is breathtaking",3
1569,59,"Claude Chabrol 's camera has a way of gently swaying back and forth as it cradles its characters , veiling tension beneath otherwise tender movements .",3
122912,6594,"The sentimental script has problems , but the actors pick up the slack .",3
96600,5046,"Director Paul Cox 's unorthodox , abstract approach to visualizing Nijinsky 's diaries is both stimulating and demanding .",3
114997,6125,What `` Empire '' lacks in depth it makes up for with its heart .,3
94383,4926,"The movie , despite its rough edges and a tendency to sag in certain places , is wry and engrossing .",3
41175,1974,"It 's nice to see Piscopo again after all these years , and Chaykin and Headly are priceless .",3
127511,6860,"It 's not like having a real film of Nijinsky , but at least it 's better than that eponymous 1980 biopic that used soap in the places where the mysteries lingered .",3
58198,2933,"Moretti ... is the rare common-man artist who 's wise enough to recognize that there are few things in this world more complex -- and , as it turns out , more fragile -- than happiness .",3
103688,5469,"J. Lo will earn her share of the holiday box office pie , although this movie makes one thing perfectly clear : She 's a pretty woman , but she 's no working girl .",3
4164,157,Has the rare capability to soothe and break your heart with a single stroke .,3
32030,1499,"Yes , soar .",3
14585,629,"Although the subject matter may still be too close to recent national events , the film works - mostly due to its superior cast of characters .",3
101531,5339,He 's a better actor than a standup comedian .,3
27943,1283,An ebullient Tunisian film about the startling transformation of a tradition-bound widow who is drawn into the exotic world of belly dancing .,3
147373,8019,Rodriguez has the chops of a smart-aleck film school brat and the imagination of a big kid ...,3
133649,7210,"Davis ' candid , archly funny and deeply authentic take on intimate relationships comes to fruition in her sophomore effort .",3
45244,2199,A perfectly pleasant if slightly pokey comedy .,3
75922,3895,"This is a movie that is what it is : a pleasant distraction , a Friday night diversion , an excuse to eat popcorn .",3
145323,7897,"Cannon 's confidence and laid-back good spirits are , with the drumming routines , among the film 's saving graces .",3
81554,4206,Director Peter Kosminsky gives these women a forum to demonstrate their acting ` chops ' and they take full advantage .,3
17934,781,Essentially a collection of bits -- and they 're all naughty .,3
54565,2713,"Compulsively watchable , no matter how degraded things get .",3
149293,8124,"The picture runs a mere 84 minutes , but it 's no glance .",3
132403,7140,"Asks what truth can be discerned from non-firsthand experience , and specifically questions cinema 's capability for recording truth .",3
2102,81,"All in all , it 's a pretty good execution of a story that 's a lot richer than the ones Hollywood action screenwriters usually come up with on their own .",3
147979,8054,The charming result is Festival in Cannes .,3
143757,7802,"Rich in atmosphere of the post-war art world , it manages to instruct without reeking of research library dust .",3
89770,4672,"Despite a quieter middle section , involving Aragorn 's dreams of Arwen , this is even better than The Fellowship .",3
133618,7208,"A grittily beautiful film that looks , sounds , and feels more like an extended , open-ended poem than a traditionally structured story .",3
23589,1070,waydowntown manages to nail the spirit-crushing ennui of denuded urban living without giving in to it .,3
151717,8278,Arteta paints a picture of lives lived in a state of quiet desperation .,3
91580,4766,"Shyamalan offers copious hints along the way -- myriad signs , if you will -- that beneath the familiar , funny surface is a far bigger , far more meaningful story than one in which little green men come to Earth for harvesting purposes .",3
39061,1865,"The rich performances by Friel -- and especially Williams , an American actress who becomes fully English -- round out the square edges .",3
67532,3429,"It has a dashing and resourceful hero ; a lisping , reptilian villain ; big fights ; big hair ; lavish period scenery ; and a story just complicated enough to let you bask in your own cleverness as you figure it out .",3
129029,6940,"Oddly , the film is n't nearly as downbeat as it sounds , but strikes a tone that 's alternately melancholic , hopeful and strangely funny .",3
2453,94,"Writer\/director Burr Steers emphasizes the Q in Quirky , with mixed results .",3
45080,2190,Meyjes ... has done his homework and soaked up some jazzy new revisionist theories about the origins of Nazi politics and aesthetics .,3
18437,809,"I liked the movie , but I know I would have liked it more if it had just gone that one step further .",3
18021,786,"The Powerpuff Girls arrive on the big screen with their super-powers , their super-simple animation and their super-dooper-adorability intact .",3
7092,286,"A smart , arch and rather cold-blooded comedy .",3
87713,4555,The screenplay never lets us forget that Bourne was once an amoral assassin just like the ones who are pursuing him ... There is never really a true `` us '' versus `` them '' .,3
118402,6326,"As animation increasingly emphasizes the computer and the cool , this is a film that takes a stand in favor of tradition and warmth .",3
84185,4349,"Like its bizarre heroine , it irrigates our souls .",3
58688,2960,"Until it goes off the rails in its final 10 or 15 minutes , Wendigo , Larry Fessenden 's spooky new thriller , is a refreshingly smart and newfangled variation on several themes derived from far less sophisticated and knowing horror films .",3
8673,361,Bigelow offers some flashy twists and turns that occasionally fortify this turgid fable .,3
106270,5611,... a funny yet dark and seedy clash of cultures and generations .,3
120121,6425,"As they used to say in the 1950s sci-fi movies , Signs is a tribute to Shyamalan 's gifts , which are such that we 'll keep watching the skies for his next project .",3
150039,8173,"Singer\/composer Bryan Adams contributes a slew of songs -- a few potential hits , a few more simply intrusive to the story -- but the whole package certainly captures the intended , er , spirit of the piece .",3
48060,2344,Its adult themes of familial separation and societal betrayal are head and shoulders above much of the director 's previous popcorn work .,3
84037,4342,"Lathan and Diggs carry the film with their charisma , and both exhibit sharp comic timing that makes the more hackneyed elements of the film easier to digest .",3
155041,8485,"Visually , ` Santa Clause 2 ' is wondrously creative .",3
142073,7707,The gags are often a stitch .,3
41227,1977,Manages to be wholesome and subversive at the same time .,3
106563,5628,"Like Kubrick , Soderbergh is n't afraid to try any genre and to do it his own way .",3
142001,7704,Unfolds in a series of achronological vignettes whose cumulative effect is chilling .,3
81099,4179,"Plunges you into a reality that is , more often then not , difficult and sad , and then , without sentimentalizing it or denying its brutality , transforms that reality into a lyrical and celebratory vision .",3
95564,4990,"To others , it will remind them that Hong Kong action cinema is still alive and kicking .",3
135413,7313,"In fact , it 's quite fun in places .",3
119610,6395,A gangster movie with the capacity to surprise .,3
74484,3818,A beautiful paean to a time long past .,3
32888,1541,"It never quite makes it to the boiling point , but manages to sustain a good simmer for most of its running time .",3
11570,498,"She nearly glows with enthusiasm , sensuality and a conniving wit .",3
14099,608,A compelling allegory about the last days of Germany 's democratic Weimar Republic .,3
120514,6444,"By turns fanciful , grisly and engagingly quixotic .",3
85976,4449,"All in all , an interesting look at the life of the campaign-trail press , especially ones that do n't really care for the candidate they 're forced to follow .",3
80947,4172,A spiffy animated feature about an unruly adolescent boy who is yearning for adventure and a chance to prove his worth .,3
90097,4690,"If not a home run , then at least a solid base hit .",3
41444,1992,"A quaint , romanticized rendering .",3
73820,3777,"I 'm sure mainstream audiences will be baffled , but , for those with at least a minimal appreciation of Woolf and Clarissa Dalloway , The Hours represents two of those well spent .",3
98003,5134,Leigh makes these lives count .,3
44101,2137,It 's the sweet Cinderella story that `` Pretty Woman '' wanted to be .,3
119228,6373,"A good film with a solid pedigree both in front of and , more specifically , behind the camera .",3
106241,5610,"By halfway through this picture I was beginning to hate it , and , of course , feeling guilty for it ... Then , miracle of miracles , the movie does a flip-flop .",3
137913,7462,"This film is an act of spiritual faith -- an eloquent , deeply felt meditation on the nature of compassion .",3
87244,4525,"In The Pianist , Polanski is saying what he has long wanted to say , confronting the roots of his own preoccupations and obsessions , and he allows nothing to get in the way .",3
40400,1933,"The Bourne Identity should n't be half as entertaining as it is , but director Doug Liman and his colleagues have managed to pack it with enough action to satisfy the boom-bam crowd without a huge sacrifice of character and mood .",3
116517,6213,"A B-movie you can sit through , enjoy on a certain level and then forget .",3
83387,4307,Lawrence plumbs personal tragedy and also the human comedy .,3
47640,2323,"When it 's not wallowing in hormonal melodrama , `` Real Women Have Curves '' is a sweet , honest , and enjoyable comedy-drama about a young woman who wants many things in life , but fears she 'll become her mother before she gets to fulfill her dreams .",3
86750,4494,A film of ideas and wry comic mayhem .,3
109329,5790,Reveals how important our special talents can be when put in service of of others .,3
78407,4033,"After an uncertain start , Murder hits and generally sustains a higher plateau with Bullock 's memorable first interrogation of Gosling .",3
20211,900,"... a sweetly affecting story about four sisters who are coping , in one way or another , with life 's endgame .",3
40965,1964,"As literary desecrations go , this makes for perfectly acceptable , occasionally very enjoyable children 's entertainment .",3
147807,8042,"I am not generally a huge fan of cartoons derived from TV shows , but Hey Arnold !",3
85669,4430,"Much of it is funny , but there are also some startling , surrealistic moments ...",3
72349,3698,This 90-minute postmodern voyage was more diverting and thought-provoking than I 'd expected it to be .,3
117122,6249,Those with a modicum of patience will find in these characters ' foibles a timeless and unique perspective .,3
40680,1949,And it is .,3
214,8,"The Importance of Being Earnest , so thick with wit it plays like a reading from Bartlett 's Familiar Quotations",3
34584,1626,"Quaid is utterly fearless as the tortured husband living a painful lie , and Moore wonderfully underplays the long-suffering heroine with an unflappable '50s dignity somewhere between Jane Wyman and June Cleaver .",3
23659,1074,"Strange it is , but delightfully so .",3
130670,7040,There are enough throwaway references to faith and rainbows to plant smile-button faces on that segment of the populace that made A Walk to Remember a niche hit .,3
98241,5149,"If you 're down for a silly hack-and-slash flick , you can do no wrong with Jason X.",3
135781,7335,"Nakata 's technique is to imply terror by suggestion , rather than the overuse of special effects .",3
79351,4088,Russian Ark is a new treasure of the Hermitage .,3
16908,733,It has more than a few moments that are insightful enough to be fondly remembered in the endlessly challenging maze of moviegoing .,3
54052,2686,"What makes Barbershop so likable , with all its flaws , is that it has none of the pushiness and decibel volume of most contemporary comedies .",3
106397,5619,"A pleasing , often-funny comedy .",3
38613,1840,With exquisite craftsmanship ... Olivier Assayas has fashioned an absorbing look at provincial bourgeois French society .,3
47741,2327,imagine a scenario where Bergman approaches Swedish fatalism using Gary Larson 's Far Side humor,3
67450,3423,I liked it just enough .,3
129996,6999,A tasty masala .,3
29597,1372,This deeply spiritual film taps into the meaning and consolation in afterlife communications .,3
54573,2714,"If you can push on through the slow spots , you 'll be rewarded with some fine acting .",3
111481,5914,... quite endearing .,3
154799,8468,This is a more fascinating look at the future than `` Bladerunner '' and one of the most high-concept sci fi adventures attempted for the screen .,3
29988,1391,"One of the funniest motion pictures of the year , but ... also one of the most curiously depressing .",3
154056,8416,Gondry 's direction is adequate ... but what gives Human Nature its unique feel is Kaufman 's script .,3
116741,6226,"Using an endearing cast , writer\/director Dover Kosashvili takes a slightly dark look at relationships , both sexual and kindred .",3
127052,6833,"Yes , MIBII is rote work and predictable , but with a philosophical visual coming right at the end that extravagantly redeems it .",3
129666,6974,"A film of epic scale with an intimate feeling , a saga of the ups and downs of friendships .",3
136784,7399,"The film 's highlight is definitely its screenplay , both for the rhapsodic dialogue that jumps off the page , and for the memorable character creations .",3
55014,2741,"Let 's issue a moratorium , effective immediately , on treacly films about inspirational prep-school professors and the children they so heartwarmingly motivate .",3
132558,7148,"Talk To Her is not the perfect movie many have made it out to be , but it 's still quite worth seeing .",3
64607,3270,"The hook is the drama within the drama , as an unsolved murder and an unresolved moral conflict jockey for the spotlight .",3
52119,2573,"Expect no major discoveries , nor any stylish sizzle , but the film sits with square conviction and touching good sense on the experience of its women .",3
22625,1023,Alternately frustrating and rewarding .,3
49652,2434,Coppola has made a film of intoxicating atmosphere and little else .,3
27531,1266,An intelligently made -LRB- and beautifully edited -RRB- picture that at the very least has a spark of life to it -- more than you can say for plenty of movies that flow through the Hollywood pipeline without a hitch .,4
46404,2257,"Stanley Kwan has directed not only one of the best gay love stories ever made , but one of the best love stories of any stripe .",4
77926,4010,"Elegant and eloquent -LRB- meditation -RRB- on death and that most elusive of passions , love .",4
117856,6294,A heroic tale of persistence that is sure to win viewers ' hearts .,4
120721,6458,It 's a great performance and a reminder of Dickens ' grandeur .,4
134020,7233,One of those exceedingly rare films in which the talk alone is enough to keep us involved .,4
139838,7588,There 's so much to look at in Metropolis you hate to tear your eyes away from the images long enough to read the subtitles .,4
107138,5661,"An interesting psychological game of cat-and-mouse , three-dimensional characters and believable performances all add up to a satisfying crime drama .",4
147293,8015,"It 's a fine , focused piece of work that reopens an interesting controversy and never succumbs to sensationalism .",4
33354,1563,"And thanks to Kline 's superbly nuanced performance , that pondering is highly pleasurable .",4
89735,4670,"A first-class , thoroughly involving B movie that effectively combines two surefire , beloved genres -- the prison flick and the fight film .",4
10411,438,"It is most remarkable not because of its epic scope , but because of the startling intimacy it achieves despite that breadth .",4
84330,4358,"Colorful , energetic and sweetly whimsical ... the rare sequel that 's better than its predecessor .",4
115008,6126,Sensitive ensemble performances and good period reconstruction add up to a moving tragedy with some buoyant human moments .,4
147059,8004,LaBute 's careful handling makes the material seem genuine rather than pandering .,4
79732,4106,"Laugh-out-loud lines , adorably ditsy but heartfelt performances , and sparkling , bittersweet dialogue that cuts to the chase of the modern girl 's dilemma .",4
24676,1124,The film is one of the year 's best .,4
134579,7261,Exceptionally well acted by Diane Lane and Richard Gere .,4
117394,6264,Raimi and his team could n't have done any better in bringing the story of Spider-Man to the big screen .,4
124303,6676,"Wickedly funny , visually engrossing , never boring , this movie challenges us to think about the ways we consume pop culture .",4
103094,5436,"A slam-bang extravaganza that is all about a wild-and-woolly , wall-to-wall good time .",4
81621,4211,"A beautiful , timeless and universal tale of heated passions -- jealousy , betrayal , forgiveness and murder .",4
104555,5521,A captivating coming-of-age story that may also be the first narrative film to be truly informed by the wireless age .,4
130409,7026,"It 's a technically superb film , shining with all the usual Spielberg flair , expertly utilizing the talents of his top-notch creative team .",4
116798,6230,It 's technically sumptuous but also almost wildly alive .,4
101559,5342,A deliciously nonsensical comedy about a city coming apart at its seams .,4
10196,428,This beautifully animated epic is never dull .,4
73053,3731,There is greatness here .,4
112240,5961,"If you ever wondered what it would be like to be smack in the middle of a war zone armed with nothing but a camera , this Oscar-nominated documentary takes you there .",4
75405,3867,"Brims with passion : for words , for its eccentric , accident-prone characters , and for the crazy things that keep people going in this crazy life .",4
46597,2268,"Even when there are lulls , the emotions seem authentic , and the picture is so lovely toward the end ... you almost do n't notice the 129-minute running time .",4
64970,3288,Arteta directs one of the best ensemble casts of the year,4
118450,6329,"A powerful and telling story that examines forbidden love , racial tension , and other issues that are as valid today as they were in the 1950s .",4
146779,7986,Director Charles Stone III applies more detail to the film 's music than to the story line ; what 's best about Drumline is its energy .,4
100362,5267,"The problems and characters it reveals are universal and involving , and the film itself -- as well its delightful cast -- is so breezy , pretty and gifted , it really won my heart .",4
37689,1792,Richly entertaining and suggestive of any number of metaphorical readings .,4
93438,4872,A thoroughly entertaining comedy that uses Grant 's own twist of acidity to prevent itself from succumbing to its own bathos .,4
66412,3370,One of the best inside-show-biz yarns ever .,4
62053,3138,"With few respites , Marshall keeps the energy humming , and his edits , unlike those in Moulin Rouge , are crisp and purposeful without overdoing it .",4
145929,7935,Allen 's funniest and most likeable movie in years .,4
25934,1188,The large-format film is well suited to capture these musicians in full regalia and the incredible IMAX sound system lets you feel the beat down to your toes .,4
101085,5311,... spellbinding fun and deliciously exploitative .,4
124836,6708,"Payne has created a beautiful canvas , and Nicholson proves once again that he 's the best brush in the business .",4
98155,5143,I like this movie a lot .,4
123135,6609,The most amazing super-sized dosage of goofball stunts any `` Jackass '' fan could want .,4
150359,8190,"... a solid , well-formed satire .",4
107940,5709,"Uplifting as only a document of the worst possibilities of mankind can be , and among the best films of the year .",4
126988,6828,"It 's endlessly inventive , consistently intelligent and sickeningly savage .",4
79152,4077,"Ramsay is clearly extraordinarily talented , and based on three short films and two features , here 's betting her third feature will be something to behold .",4
31638,1483,Brian Tufano 's handsome widescreen photography and Paul Grabowsky 's excellent music turn this fairly parochial melodrama into something really rather special .,4
124455,6687,"A strong first act and absolutely , inescapably gorgeous , skyscraper-trapeze motion of the amazing Spider-Man .",4
149565,8141,"With an admirably dark first script by Brent Hanley , Paxton , making his directorial feature debut , does strong , measured work .",4
34273,1610,"As quiet , patient and tenacious as Mr. Lopez himself , who approaches his difficult , endless work with remarkable serenity and discipline .",4
36945,1751,"Directed with purpose and finesse by England 's Roger Mitchell , who handily makes the move from pleasing , relatively lightweight commercial fare such as Notting Hill to commercial fare with real thematic heft .",4
120081,6423,"It 's a wise and powerful tale of race and culture forcefully told , with superb performances throughout .",4
60602,3060,It is also beautifully acted .,4
80329,4139,... a rich and intelligent film that uses its pulpy core conceit to probe questions of attraction and interdependence and how the heart accomodates practical needs .,4
36586,1731,I had more fun watching Spy than I had with most of the big summer movies .,4
139464,7566,It leaves little doubt that Kidman has become one of our best actors .,4
88751,4611,Rifkin 's references are ... impeccable throughout .,4
84727,4383,What makes this film special is Serry 's ability to take what is essentially a contained family conflict and put it into a much larger historical context .,4
66917,3396,"Enjoyably fast-moving , hard-hitting documentary .",4
145921,7934,A backstage must-see for true fans of comedy .,4
120418,6439,Isabelle Huppert excels as the enigmatic Mika and Anna Mouglalis is a stunning new young talent in one of Chabrol 's most intense psychological mysteries .,4
108699,5754,"First and foremost ... the reason to go see `` Blue Crush '' is the phenomenal , water-born cinematography by David Hennings .",4
51455,2534,"Hailed as a clever exercise in neo-Hitchcockianism , this clever and very satisfying picture is more accurately Chabrolian .",4
137770,7456,"Unfolds with such a wallop of you-are-there immediacy that when the bullets start to fly , your first instinct is to duck .",4
139415,7560,"A classy , sprightly spin on film .",4
96323,5031,Gives everyone something to shout about .,4
154598,8453,"Maybe not a classic , but a movie the kids will want to see over and over again .",4
47481,2314,"Mr. Deeds is sure to give you a lot of laughs in this simple , sweet and romantic comedy .",4
68094,3456,Happily stays close to the ground in a spare and simple manner and does n't pummel us with phony imagery or music .,4
141194,7659,"Stands as one of the year 's most intriguing movie experiences , letting its imagery speak for it while it forces you to ponder anew what a movie can be .",4
65807,3336,Smart and taut .,4
129815,6987,"insightfully written , delicately performed",4
136306,7369,"It 's sweet , funny , charming , and completely delightful .",4
58011,2924,"The film is enriched by an imaginatively mixed cast of antic spirits , headed by Christopher Plummer as the subtlest and most complexly evil Uncle Ralph I 've ever seen in the many film and stage adaptations of the work .",4
